<?xml version="1.0" encoding="UTF-8"?>
<project-private xmlns="http://www.netbeans.org/ns/project-private/1">
    <editor-bookmarks xmlns="http://www.netbeans.org/ns/editor-bookmarks/2" lastBookmarkId="0"/>
    <open-files xmlns="http://www.netbeans.org/ns/projectui-open-files/2">
        <group>
            <file>file:/H:/Greenwich%20Part%203%20Computer%20Science/Term%202/3D%20Computer%20Graphics/WebGL/public_html/05%20Transformations/Cuboid03-translate.html</file>
            <file>file:/H:/Greenwich%20Part%203%20Computer%20Science/Term%202/3D%20Computer%20Graphics/WebGL/public_html/07%20Viewing%20&amp;%20Projections/City01-arrowControls.html</file>
            <file>file:/H:/Greenwich%20Part%203%20Computer%20Science/Term%202/3D%20Computer%20Graphics/WebGL/public_html/05%20Transformations/Icosahedron02-revolving.html</file>
            <file>file:/H:/Greenwich%20Part%203%20Computer%20Science/Term%202/3D%20Computer%20Graphics/WebGL/public_html/06%20Scene%20Graph/Scene01-grouping.html</file>
            <file>file:/H:/Greenwich%20Part%203%20Computer%20Science/Term%202/3D%20Computer%20Graphics/WebGL/public_html/01%20Intro%20to%203D%20graphics/Example01-helicopter.html</file>
        </group>
    </open-files>
</project-private>
